genome_id	sequence_id	start	end	ref	alt	variant_type	variant_id	gene_id	gene_id_source	effect	allele_frequency	strain	ncbi_accession	source_pmc	project_id	experimental_condition	notes_for_curator
BU_ATCC8492	NEEDS_CONTIG	369979	369979	C	T	snp	peg.319:369979	peg.319	peg	missense	62%	Bacteroides uniformis		PMC12222025	PRJEB72794	Laboratory evolution for 20 days in 500 μM PFOA; Control - DMSO	Confirm contig (likely contig_1). Map peg.319 → BU_ATCC8492 locus_tag in METT GFF.
BU_ATCC8492	NEEDS_CONTIG	1140402	1140402	G	A	snp	peg.902:1140402	peg.902	peg	missense	7.30%	Bacteroides uniformis		PMC12222025	PRJEB72794	Laboratory evolution for 20 days in 500 μM PFOA; Control - DMSO	
BU_ATCC8492	NEEDS_CONTIG	1201854	1201854	A	G	snp	peg.962:1201854	peg.962	peg	missense	5.25%	Bacteroides uniformis		PMC12222025	PRJEB72794	Laboratory evolution for 20 days in 500 μM PFOA; Control - DMSO	
BU_ATCC8492	NEEDS_CONTIG	1202024	1202024	G	A	snp	peg.962:1202024	peg.962	peg	missense	100%	Bacteroides uniformis		PMC12222025	PRJEB72794	Laboratory evolution for 20 days in 250 μM PFNA; Control - DMSO	
BU_ATCC8492	NEEDS_CONTIG	1202128	1202128	C	T	snp	peg.962:1202128	peg.962	peg	missense	11.54%	Bacteroides uniformis		PMC12222025	PRJEB72794	Laboratory evolution for 20 days in 250 μM PFNA; Control - DMSO	
BU_ATCC8492	NEEDS_CONTIG	1202128	1202128	C	T	snp	peg.962:1202128_dup	peg.962	peg	missense	100%	Bacteroides uniformis		PMC12222025	PRJEB72794	Laboratory evolution for 20 days in 500 μM PFOA; Control - DMSO	Duplicate locus/condition row in source sheet
BU_ATCC8492	NEEDS_CONTIG	1202871	1202871	T	C	snp	peg.962:1202871	peg.962	peg	missense	100%	Bacteroides uniformis		PMC12222025	PRJEB72794	Laboratory evolution for 20 days in 500 μM PFOA; Control - DMSO	
BU_ATCC8492	NEEDS_CONTIG	1202871	1202871	T	C	snp	peg.962:1202871_pfna	peg.962	peg	missense	100%	Bacteroides uniformis		PMC12222025	PRJEB72794	Laboratory evolution for 20 days in 250 μM PFNA; Control - DMSO	Duplicate locus/condition row in source sheet
BU_ATCC8492	NEEDS_CONTIG	1203036	1203036	T	C	snp	peg.962:1203036_pfna	peg.962	peg	missense	96.64%	Bacteroides uniformis		PMC12222025	PRJEB72794	Laboratory evolution for 20 days in 250 μM PFNA; Control - DMSO	
BU_ATCC8492	NEEDS_CONTIG	1203036	1203036	T	C	snp	peg.962:1203036_pfoa	peg.962	peg	missense	98.55%	Bacteroides uniformis		PMC12222025	PRJEB72794	Laboratory evolution for 20 days in 500 μM PFOA; Control - DMSO	
BU_ATCC8492	NEEDS_CONTIG	1203716	1203716	G	A	snp	peg.962:1203716	peg.962	peg	missense	92.16%	Bacteroides uniformis		PMC12222025	PRJEB72794	Laboratory evolution for 20 days in 250 μM PFNA; Control - DMSO	
BU_ATCC8492	NEEDS_CONTIG	1922578	1922580	TGT	ATC	complex	peg.1544:1922578	peg.1544	peg	missense	8.11%	Bacteroides uniformis		PMC12222025	PRJEB72794	Laboratory evolution for 20 days in 500 μM PFOA; Control - DMSO	end = start + len(ref) - 1
BU_ATCC8492	NEEDS_CONTIG	1922584	1922584	C	T	snp	peg.1544:1922584	peg.1544	peg	synonymous	12.50%	Bacteroides uniformis		PMC12222025	PRJEB72794	Laboratory evolution for 20 days in 250 μM PFNA; Control - DMSO	
BU_ATCC8492	NEEDS_CONTIG	1932347	1932354	CGGCATGC	CGGTATGA	complex	peg.1555:1932347_a	peg.1555	peg	missense	3.76%	Bacteroides uniformis		PMC12222025	PRJEB72794	Laboratory evolution for 20 days in 500 μM PFOA; Control - DMSO	
BU_ATCC8492	NEEDS_CONTIG	1932347	1932354	CGGCATGC	TGGTATGC	complex	peg.1555:1932347_b	peg.1555	peg	missense	4.48%	Bacteroides uniformis		PMC12222025	PRJEB72794	Laboratory evolution for 20 days in 500 μM PFOA; Control - DMSO	
BU_ATCC8492	NEEDS_CONTIG	1940015	1940018	CCAG	TCAA	complex	peg.1562:1940015	peg.1562	peg	synonymous	6.57%	Bacteroides uniformis		PMC12222025	PRJEB72794	Laboratory evolution for 20 days in 250 μM PFNA; Control - DMSO	
BU_ATCC8492	NEEDS_CONTIG	2210029	2210029	A	G	snp	peg.1783:2210029	peg.1783	peg	missense	6.02%	Bacteroides uniformis		PMC12222025	PRJEB72794	Laboratory evolution for 20 days in 500 μM PFOA; Control - DMSO	
BU_ATCC8492	NEEDS_CONTIG	2927429	2927429	G	C	snp	peg.2427:2927429	peg.2427	peg	synonymous	6.87%	Bacteroides uniformis		PMC12222025	PRJEB72794	Laboratory evolution for 20 days in 500 μM PFOA; Control - DMSO	
BU_ATCC8492	NEEDS_CONTIG	2927444	2927444	C	T	snp	peg.2427:2927444	peg.2427	peg	synonymous	5.56%	Bacteroides uniformis		PMC12222025	PRJEB72794	Laboratory evolution for 20 days in 500 μM PFOA; Control - DMSO	
BU_ATCC8492	NEEDS_CONTIG	2927456	2927456	T	C	snp	peg.2427:2927456	peg.2427	peg	synonymous	5.39%	Bacteroides uniformis		PMC12222025	PRJEB72794	Laboratory evolution for 20 days in 500 μM PFOA; Control - DMSO	
BU_ATCC8492	NEEDS_CONTIG	3507723	3507724	TA	TAA	delins	peg.2946:3507723_ins	peg.2946	peg	frameshift	4.02%	Bacteroides uniformis		PMC12222025	PRJEB72794	Laboratory evolution for 20 days in 500 μM PFOA; Control - DMSO	del,ins in source
BU_ATCC8492	NEEDS_CONTIG	3507723	3507723	TA	T	delins	peg.2946:3507723_del	peg.2946	peg	frameshift	1.24%	Bacteroides uniformis		PMC12222025	PRJEB72794	Laboratory evolution for 20 days in 500 μM PFOA; Control - DMSO	
BU_ATCC8492	NEEDS_CONTIG	3823393	3823393	CA	C	delins	peg.3252:3823393_del	peg.3252	peg	frameshift	2.58%	Bacteroides uniformis		PMC12222025	PRJEB72794	Laboratory evolution for 20 days in 500 μM PFOA; Control - DMSO	
BU_ATCC8492	NEEDS_CONTIG	3823393	3823394	CA	CAA	delins	peg.3252:3823393_ins	peg.3252	peg	frameshift	2.58%	Bacteroides uniformis		PMC12222025	PRJEB72794	Laboratory evolution for 20 days in 500 μM PFOA; Control - DMSO	
BU_ATCC8492	NEEDS_CONTIG	4164529	4164529	G	A	snp	peg.3560:4164529	peg.3560	peg	synonymous	88.18%	Bacteroides uniformis		PMC12222025	PRJEB72794	Laboratory evolution for 20 days in 250 μM PFNA; Control - DMSO	
BU_ATCC8492	NEEDS_CONTIG	4416500	4416500	C	T	snp	peg.3778:4416500	peg.3778	peg	missense	9.42%	Bacteroides uniformis		PMC12222025	PRJEB72794	Laboratory evolution for 20 days in 500 μM PFOA; Control - DMSO	
